"participant","session","run","collisions","duration","distance","cumrun","fluency","absorption","flow","pi1","pi2","pi3","comp1","comp2","comp3"
"01",1,1,26,233.610490237144,24196.5668000023,1,4.75,6,5.44444444444444,5,2,3,NA,NA,NA
"01",1,2,30,204.850638268408,24197.4703999998,2,4.5,4.6,4.55555555555556,3,2,2,NA,NA,NA
"01",1,3,20,190.188661599009,24199.0428000008,3,5.25,5.4,5.33333333333333,5,3,2,NA,NA,NA
"01",1,4,13,181.412324951007,24197.9300000001,4,5,5,5,4,3,2,NA,NA,NA
"01",1,5,18,188.926681906374,24197.8879999995,5,4.25,4.6,4.44444444444444,4,3,2,3,5,4
"01",2,1,18,184.579835886993,24197.5803999998,6,4,4.8,4.44444444444444,3,3,3,NA,NA,NA
"01",2,2,21,173.169488517063,24196.4863999981,7,5.5,5.6,5.55555555555556,4,4,3,NA,NA,NA
"01",2,3,20,187.344186754126,24196.8391999999,8,4,5,4.55555555555556,4,3,3,NA,NA,NA
"01",2,4,15,173.956964221453,24197.6795999985,9,5,5.8,5.44444444444444,5,3,2,NA,NA,NA
"01",2,5,15,197.190368844665,24198.8224000003,10,3.75,4.2,4,3,3,3,3,5,4
"01",3,1,21,180.837505400379,24196.5400000008,11,4.75,4.6,4.66666666666667,4,3,3,NA,NA,NA
"01",3,2,17,183.285636406015,24198.2896000005,12,4.25,5.2,4.77777777777778,4,4,4,NA,NA,NA
"01",3,3,8,165.785859004029,24197.8355999994,13,6.25,5.6,5.88888888888889,5,4,3,NA,NA,NA
"01",3,4,18,179.200532284758,24197.238000001,14,4.5,5.6,5.11111111111111,4,3,3,NA,NA,NA
"01",3,5,13,179.318221780765,24198.8791999995,15,5,5,5,3,4,3,3,5,4
"01",4,1,15,180.257164820868,24198.1175999992,16,5,5,5,4,3,3,NA,NA,NA
"01",4,2,12,181.800892000328,24198.0888000003,17,4.5,4.2,4.33333333333333,4,3,4,NA,NA,NA
"01",4,3,15,175.55065453017,24197.6691999993,18,5.25,5,5.11111111111111,4,4,4,NA,NA,NA
"01",4,4,12,164.389985976095,24199.4255999996,19,5.25,5.4,5.33333333333333,5,5,4,NA,NA,NA
"01",4,5,17,171.214371430633,24196.5743999984,20,4.25,4.6,4.44444444444444,4,4,3,3,5,4
"01",5,1,14,186.79153509097,24198.7576000008,21,3.75,4.2,4,5,4,4,NA,NA,NA
"01",5,2,12,170.183764355485,24198.3927999991,22,5,5.4,5.22222222222222,5,4,4,NA,NA,NA
"01",5,3,11,172.16527825456,24196.8747999986,23,5.5,5.4,5.44444444444444,4,3,3,NA,NA,NA
"01",5,4,15,168.996609833117,24197.9227999989,24,5.5,5.8,5.66666666666667,4,3,3,NA,NA,NA
"01",5,5,8,169.080455815922,24197.9487999997,25,5.5,6,5.77777777777778,4,4,3,3,5,4
"01",6,1,10,162.569549566946,24198.5291999997,26,5,5.4,5.22222222222222,4,4,2,NA,NA,NA
"01",6,2,9,163.549287296261,24199.2691999998,27,5.75,5.8,5.77777777777778,5,4,2,NA,NA,NA
"01",6,3,8,165.324009085315,24199.4135999993,28,5.5,5.8,5.66666666666667,4,4,2,NA,NA,NA
"01",6,4,10,165.560637356872,24198.9295999997,29,5.25,6,5.66666666666667,4,4,2,NA,NA,NA
"01",6,5,5,162.152193894817,24198.8035999997,30,6,6,6,5,4,2,2,5,3
"01",7,1,12,167.798872527376,24198.871599999,31,4.5,5.8,5.22222222222222,4,3,3,NA,NA,NA
"01",7,2,14,165.583737711697,24198.5867999991,32,5,5.8,5.44444444444444,4,3,2,NA,NA,NA
"01",7,3,10,166.604696307237,24197.4635999991,33,5,5.2,5.11111111111111,3,3,2,NA,NA,NA
"01",7,4,15,174.193255839298,24196.6079999993,34,4.5,5,4.77777777777778,3,3,2,NA,NA,NA
"01",7,5,8,168.352969831257,24198.309999999,35,5,5.8,5.44444444444444,4,4,3,3,5,4
"01",8,1,13,167.804061032269,24199.0807999986,36,4,4.8,4.44444444444444,4,4,3,NA,NA,NA
"01",8,2,13,183.089314379281,24199.288,37,3,4.2,3.66666666666667,4,3,3,NA,NA,NA
"01",8,3,7,172.022273920608,24199.7387999998,38,4.75,5.2,5,5,4,4,NA,NA,NA
"01",8,4,6,171.634241587607,24198.3179999992,39,4.75,5,4.88888888888889,5,4,4,NA,NA,NA
"01",8,5,7,166.773566109351,24197.2819999995,40,5,5,5,6,5,5,3,5,4
"02",1,1,23,206.965690413293,24197.8763999988,1,3.5,4.6,4.11111111111111,5,4,2,NA,NA,NA
"02",1,2,18,193.362514308563,24196.8996000001,2,4.5,5.6,5.11111111111111,5,4,1,NA,NA,NA
"02",1,3,19,178.928763776753,24198.6991999993,3,4,4.6,4.33333333333333,6,3,1,NA,NA,NA
"02",1,4,14,187.982214349888,24197.2244000006,4,5.25,5.8,5.55555555555556,6,5,1,NA,NA,NA
"02",1,5,19,187.591798740237,24196.9095999998,5,4,4.6,4.33333333333333,5,5,1,2,3,4
"02",2,1,22,197.626774323161,24197.7031999995,6,4,4.8,4.44444444444444,5,4,1,NA,NA,NA
"02",2,2,14,179.443420851168,24197.4371999997,7,5.25,5.8,5.55555555555556,6,5,1,NA,NA,NA
"02",2,3,18,179.558103933036,24197.8467999995,8,4.5,5,4.77777777777778,6,5,1,NA,NA,NA
"02",2,4,16,181.351628793309,24196.6907999999,9,4.75,4.8,4.77777777777778,6,6,1,NA,NA,NA
"02",2,5,13,188.065482094147,24197.753600001,10,4.5,5.4,5,5,6,1,2,3,5
"02",3,1,14,182.647073896689,24198.0408000008,11,4.75,4.8,4.77777777777778,6,5,1,NA,NA,NA
"02",3,2,15,192.49526473316,24198.8907999998,12,4.25,5.6,5,6,6,1,NA,NA,NA
"02",3,3,14,180.316499267109,24198.629999999,13,5,5.8,5.44444444444444,6,6,1,NA,NA,NA
"02",3,4,10,164.125440929363,24197.9659999995,14,5.25,5.8,5.55555555555556,6,6,1,NA,NA,NA
"02",3,5,10,167.418445012683,24199.3303999998,15,5,6,5.55555555555556,6,6,1,3,3,4
"02",4,1,11,162.54746696873,24197.5215999998,16,5,5.8,5.44444444444444,6,6,1,NA,NA,NA
"02",4,2,11,165.632665848768,24198.4715999997,17,4.75,5.8,5.33333333333333,6,6,1,NA,NA,NA
"02",4,3,12,173.815042198496,24197.5151999995,18,5.25,5.8,5.55555555555556,6,6,1,NA,NA,NA
"02",4,4,9,171.0901738067,24197.9123999991,19,5.5,6,5.77777777777778,6,6,1,NA,NA,NA
"02",4,5,22,183.273182841294,24197.9692000009,20,4.75,5.2,5,6,6,1,2,3,5
"02",5,1,10,168.0490912256,24196.4283999985,21,4.5,5,4.77777777777778,6,5,2,NA,NA,NA
"02",5,2,11,171.36490605544,24196.8951999988,22,4.25,5,4.66666666666667,6,6,1,NA,NA,NA
"02",5,3,15,176.970806530576,24197.8587999993,23,4,4.6,4.33333333333333,6,6,1,NA,NA,NA
"02",5,4,11,169.836842397834,24198.6315999989,24,4.75,5.6,5.22222222222222,6,6,2,NA,NA,NA
"02",5,5,7,177.365725254342,24197.3943999997,25,5,5.8,5.44444444444444,6,7,1,2,3,4
"02",6,1,16,176.966243918186,24198.0371999998,26,4,5.8,5,6,6,2,NA,NA,NA
"02",6,2,9,177.088949797785,24196.9911999995,27,5,6,5.55555555555556,6,6,1,NA,NA,NA
"02",6,3,8,163.29955124523,24198.3043999999,28,5,6,5.55555555555556,7,7,1,NA,NA,NA
"02",6,4,7,173.051225481352,24199.0091999992,29,4.25,5,4.66666666666667,6,6,1,NA,NA,NA
"02",6,5,10,172.34997849605,24197.7819999989,30,4.25,6,5.22222222222222,6,7,2,2,3,5
"02",7,1,12,175.437070529262,24198.3403999987,31,4.25,6,5.22222222222222,6,5,1,NA,NA,NA
"02",7,2,11,166.8127495392,24197.4679999991,32,5,5.8,5.44444444444444,6,6,1,NA,NA,NA
"02",7,3,7,162.975164571529,24196.5892000001,33,5,5.8,5.44444444444444,6,6,1,NA,NA,NA
"02",7,4,6,172.714833624279,24196.6231999997,34,4.5,5.8,5.22222222222222,6,6,1,NA,NA,NA
"02",7,5,9,168.748276753235,24198.3531999991,35,4.25,6,5.22222222222222,5,5,1,3,4,4
"02",8,1,9,165.040035254879,24196.4227999997,36,4.75,5.6,5.22222222222222,6,6,2,NA,NA,NA
"02",8,2,12,165.547384653644,24198.5659999992,37,4.75,6,5.44444444444444,6,7,2,NA,NA,NA
"02",8,3,6,167.562123435961,24198.2835999994,38,5.25,6,5.66666666666667,7,7,2,NA,NA,NA
"02",8,4,11,174.963812305562,24198.8051999994,39,4,5.8,5,6,5,2,NA,NA,NA
"02",8,5,13,168.926753966784,24196.8871999989,40,4,5.6,4.88888888888889,6,7,3,5,4,4
"03",1,1,28,253.957703451659,24197.2643999994,1,3.75,6.4,5.22222222222222,6,3,3,NA,NA,NA
"03",1,2,37,220.137390517373,24197.8512000013,2,2.25,5,3.77777777777778,5,2,2,NA,NA,NA
"03",1,3,24,225.589509757741,24198.2972000008,3,5.25,5.6,5.44444444444444,3,2,2,NA,NA,NA
"03",1,4,22,198.334789607086,24197.351999999,4,5.25,5.4,5.33333333333333,3,2,1,NA,NA,NA
"03",1,5,23,214.834669409035,24197.1708000022,5,4.5,5.6,5.11111111111111,3,2,1,4,3,4
"03",2,1,28,203.161248245791,24198.1487999989,6,3.5,5,4.33333333333333,4,1,1,NA,NA,NA
"03",2,2,25,194.708144746736,24197.6795999983,7,4.25,5.4,4.88888888888889,4,1,2,NA,NA,NA
"03",2,3,26,190.438414955856,24196.4219999996,8,4.5,5.2,4.88888888888889,4,2,2,NA,NA,NA
"03",2,4,32,197.960795686719,24196.4503999984,9,4.25,5.2,4.77777777777778,4,1,2,NA,NA,NA
"03",2,5,24,198.34769102713,24196.9703999987,10,4.25,5.4,4.88888888888889,4,1,1,1,5,5
"03",3,1,25,196.775452948726,24198.1307999982,11,4,4.8,4.44444444444444,3,1,1,NA,NA,NA
"03",3,2,25,193.720576618503,24197.7063999989,12,3,5,4.11111111111111,3,1,1,NA,NA,NA
"03",3,3,21,186.504148657294,24196.8704000003,13,5,5.2,5.11111111111111,3,1,1,NA,NA,NA
"03",3,4,17,174.494088846022,24199.1523999991,14,5.25,5.4,5.33333333333333,3,1,1,NA,NA,NA
"03",3,5,24,201.354868918423,24197.1131999999,15,3.25,4.4,3.88888888888889,2,1,1,3,5,4
"03",4,1,20,188.176783782967,24197.6284000001,16,5.25,5.2,5.22222222222222,3,1,1,NA,NA,NA
"03",4,2,15,191.033376780175,24196.5859999995,17,5,5.6,5.33333333333333,4,1,1,NA,NA,NA
"03",4,3,20,181.749693287731,24197.7772000007,18,5.5,5.8,5.66666666666667,4,1,1,NA,NA,NA
"03",4,4,21,208.100381464242,24198.1875999998,19,4.5,5,4.77777777777778,4,1,1,NA,NA,NA
"03",4,5,19,194.791992030357,24198.1059999989,20,5,5.8,5.44444444444444,4,1,1,2,4,4
"03",5,1,17,225.755707091246,24197.4888000002,21,4.25,5.2,4.77777777777778,3,1,1,NA,NA,NA
"03",5,2,20,183.965191814635,24197.1412000004,22,5,5.6,5.33333333333333,4,2,1,NA,NA,NA
"03",5,3,23,177.210238338351,24196.7208000005,23,4.75,6,5.44444444444444,4,1,1,NA,NA,NA
"03",5,4,12,179.834594559539,24198.8135999998,24,5.75,6.2,6,4,1,1,NA,NA,NA
"03",5,5,24,173.087653636515,24198.9051999983,25,5,6.2,5.66666666666667,4,1,1,3,5,4
"03",6,1,22,193.120405445041,24198.5635999993,26,5,5.8,5.44444444444444,2,1,1,NA,NA,NA
"03",6,2,15,191.548226568041,24199.2079999999,27,5.75,6.2,6,3,1,1,NA,NA,NA
"03",6,3,20,180.464382515268,24198.5076000007,28,5.25,6.4,5.88888888888889,3,1,1,NA,NA,NA
"03",6,4,16,175.626519327857,24197.7667999993,29,4,5.8,5,3,1,1,NA,NA,NA
"03",6,5,18,190.302291782628,24197.2695999996,30,3.25,5,4.22222222222222,3,1,1,3,4,4
"03",7,1,13,176.0031912178,24197.0884000001,31,6,6.6,6.33333333333333,5,2,1,NA,NA,NA
"03",7,2,11,173.549669894618,24199.3027999995,32,6.5,7,6.77777777777778,5,1,1,NA,NA,NA
"03",7,3,14,176.280931272886,24198.7900000001,33,6.25,6.6,6.44444444444444,3,1,1,NA,NA,NA
"03",7,4,14,180.731760699381,24197.3760000006,34,6,6.4,6.22222222222222,4,1,1,NA,NA,NA
"03",7,5,19,190.936508199667,24198.1888000001,35,5,6.2,5.66666666666667,3,1,1,3,5,4
"03",8,1,22,186.867981708459,24196.4035999988,36,4.5,6,5.33333333333333,5,2,2,NA,NA,NA
"03",8,2,12,179.108116213117,24199.0543999998,37,6,6.6,6.33333333333333,4,1,1,NA,NA,NA
"03",8,3,21,180.800609913087,24198.3596,38,4.5,5.8,5.22222222222222,4,1,1,NA,NA,NA
"03",8,4,11,167.148562939832,24197.1495999997,39,5.75,6.6,6.22222222222222,3,1,1,NA,NA,NA
"03",8,5,19,183.218280179678,24197.9316000005,40,5.25,6.2,5.77777777777778,3,1,1,2,5,4
"04",1,1,38,294.117117762883,24196.4284000019,1,2.5,5.6,4.22222222222222,5,5,5,NA,NA,NA
"04",1,2,38,244.593424362024,24197.474,2,3.5,5.2,4.44444444444444,5,5,4,NA,NA,NA
"04",1,3,22,211.364058929716,24198.3107999998,3,4,5.6,4.88888888888889,5,5,3,NA,NA,NA
"04",1,4,32,193.93571354732,24197.3575999991,4,3.5,5.2,4.44444444444444,5,5,4,NA,NA,NA
"04",1,5,26,222.314182346051,24198.3092000011,5,4,5.8,5,5,3,4,4,3,4
"04",2,1,40,224.245717735266,24196.9332000016,6,2.5,4.2,3.44444444444444,5,4,4,NA,NA,NA
"04",2,2,27,216.984801666095,24198.0376000016,7,3.5,4.8,4.22222222222222,5,5,4,NA,NA,NA
"04",2,3,35,209.1736538319,24197.2143999989,8,2.75,5,4,5,5,4,NA,NA,NA
"04",2,4,25,203.315080720349,24197.1455999983,9,3.75,4.2,4,4,3,3,NA,NA,NA
"04",2,5,31,203.038968267745,24197.6943999993,10,3.25,4.8,4.11111111111111,4,4,4,5,2,4
"04",3,1,31,194.002892555133,24197.8451999994,11,4,5,4.55555555555556,5,5,3,NA,NA,NA
"04",3,2,22,200.977440069203,24198.5303999989,12,4,5,4.55555555555556,5,4,3,NA,NA,NA
"04",3,3,22,186.009639493618,24198.6532000011,13,4.75,5.2,5,5,2,3,NA,NA,NA
"04",3,4,25,190.9812361821,24197.4159999989,14,4.5,4.8,4.66666666666667,5,3,3,NA,NA,NA
"04",3,5,27,199.389460947092,24196.423599999,15,4.5,5,4.77777777777778,5,3,3,3,4,4
"04",4,1,19,205.304618020008,24197.3048000002,16,3.25,4.6,4,5,3,4,NA,NA,NA
"04",4,2,27,200.617911757055,24197.6963999999,17,3,4.6,3.88888888888889,4,4,4,NA,NA,NA
"04",4,3,27,201.059708457483,24198.7555999996,18,2.75,4,3.44444444444444,4,3,5,NA,NA,NA
"04",4,4,19,193.208829170733,24196.4611999995,19,3.5,4,3.77777777777778,4,3,4,NA,NA,NA
"04",4,5,25,184.060742941167,24197.2040000003,20,3.75,4.2,4,5,4,4,4,3,4
"04",5,1,21,188.168625064518,24196.6848,21,4.25,4.4,4.33333333333333,5,4,4,NA,NA,NA
"04",5,2,12,178.228814987053,24199.1716000002,22,4.5,4.4,4.44444444444444,5,5,3,NA,NA,NA
"04",5,3,21,190.768531393002,24198.3839999997,23,3.75,4.4,4.11111111111111,5,5,4,NA,NA,NA
"04",5,4,16,200.724620858321,24197.2471999997,24,3.5,4.4,4,4,3,5,NA,NA,NA
"04",5,5,30,181.818357471669,24198.3188000005,25,4,4.6,4.33333333333333,5,4,3,4,4,4
"04",6,1,23,182.962846431282,24196.9836,26,4.5,4.4,4.44444444444444,5,5,4,NA,NA,NA
"04",6,2,17,181.799130869611,24197.0044000006,27,3.75,4,3.88888888888889,4,4,5,NA,NA,NA
"04",6,3,12,183.421441930421,24197.1143999997,28,4.5,4.4,4.44444444444444,5,3,3,NA,NA,NA
"04",6,4,20,190.094421381466,24197.3356000005,29,3.75,3.6,3.66666666666667,4,4,4,NA,NA,NA
"04",6,5,19,176.416829063791,24197.6979999992,30,4,4,4,5,3,4,4,4,4
"04",7,1,26,215.311726149609,24197.9055999993,31,2.25,4,3.22222222222222,4,3,5,NA,NA,NA
"04",7,2,20,196.173474388331,24198.7843999994,32,3,4.6,3.88888888888889,6,3,4,NA,NA,NA
"04",7,3,19,202.690042442305,24196.5251999997,33,3,4,3.55555555555556,4,4,4,NA,NA,NA
"04",7,4,16,179.873144368203,24196.9491999996,34,3.75,4,3.88888888888889,4,3,3,NA,NA,NA
"04",7,5,16,174.778842140372,24196.9223999993,35,4.5,4.4,4.44444444444444,4,2,2,3,4,4
"04",8,1,16,182.614253510605,24196.7492000002,36,4.75,4.2,4.44444444444444,5,5,3,NA,NA,NA
"04",8,2,21,169.430845051605,24196.8171999984,37,5,4.4,4.66666666666667,5,5,3,NA,NA,NA
"04",8,3,15,172.54988843302,24196.7247999988,38,5.25,4.8,5,5,5,3,NA,NA,NA
"04",8,4,15,180.381699260674,24198.6636000005,39,4.25,4.4,4.33333333333333,5,5,3,NA,NA,NA
"04",8,5,17,176.749045731734,24198.6447999995,40,5,4.8,4.88888888888889,6,5,2,3,5,4
"05",1,1,23,194.104407977055,24196.5987999989,1,4.25,5.4,4.88888888888889,6,4,3,NA,NA,NA
"05",1,2,18,192.344103615109,24196.9924000001,2,4.75,5.6,5.22222222222222,6,4,3,NA,NA,NA
"05",1,3,11,187.412747186195,24197.5263999999,3,5.75,6.4,6.11111111111111,5,5,5,NA,NA,NA
"05",1,4,17,196.969158837946,24197.3640000002,4,2.75,5,4,5,3,5,NA,NA,NA
"05",1,5,14,187.596858174101,24198.6788000009,5,5,6.4,5.77777777777778,6,5,5,5,4,4
"05",2,1,13,189.696634799179,24198.1999999996,6,3.75,4.4,4.11111111111111,6,5,5,NA,NA,NA
"05",2,2,19,193.81018990786,24196.4192,7,3,3.8,3.44444444444444,6,5,5,NA,NA,NA
"05",2,3,18,174.237542081467,24196.5007999995,8,5.5,5.8,5.66666666666667,5,4,3,NA,NA,NA
"05",2,4,14,185.368373266029,24199.0936000005,9,4.75,5.8,5.33333333333333,6,5,4,NA,NA,NA
"05",2,5,16,173.119190514457,24197.0915999988,10,5.5,6.4,6,6,5,3,5,4,4
"05",3,1,13,179.914638743037,24198.7532000002,11,5.75,5.4,5.55555555555556,6,4,4,NA,NA,NA
"05",3,2,13,176.195748552749,24197.7119999996,12,5.5,6.2,5.88888888888889,6,5,5,NA,NA,NA
"05",3,3,14,165.906016430789,24197.1595999991,13,6.25,6.2,6.22222222222222,6,6,4,NA,NA,NA
"05",3,4,12,171.351870309111,24197.1679999984,14,6,6.8,6.44444444444444,7,5,3,NA,NA,NA
"05",3,5,12,172.233837888339,24199.3691999994,15,5.75,5.6,5.66666666666667,7,6,5,6,5,4
"05",4,1,11,175.469982526165,24196.623599999,16,5,6,5.55555555555556,6,4,3,NA,NA,NA
"05",4,2,16,177.339330318384,24198.3799999994,17,3.25,5,4.22222222222222,4,3,4,NA,NA,NA
"05",4,3,9,171.943735811804,24198.4283999992,18,5.5,6,5.77777777777778,6,5,3,NA,NA,NA
"05",4,4,12,179.927215760048,24198.2307999997,19,5.25,6.2,5.77777777777778,5,5,5,NA,NA,NA
"05",4,5,11,173.064962583758,24198.6307999991,20,5.5,6.2,5.88888888888889,6,6,5,6,5,5
"05",5,1,12,171.642852249252,24198.8131999989,21,5.25,5.8,5.55555555555556,6,6,5,NA,NA,NA
"05",5,2,12,176.548897578801,24198.4571999995,22,4.25,5.2,4.77777777777778,6,5,5,NA,NA,NA
"05",5,3,8,162.899600713192,24198.0219999998,23,6.25,6.6,6.44444444444444,6,6,4,NA,NA,NA
"05",5,4,6,167.854399408226,24197.2511999995,24,6.25,7,6.66666666666667,7,6,4,NA,NA,NA
"05",5,5,11,168.008810787497,24198.4627999987,25,4.75,5.2,5,6,6,5,6,6,4
"05",6,1,9,164.096084402781,24196.7543999999,26,6,6.2,6.11111111111111,6,5,4,NA,NA,NA
"05",6,2,17,183.335213751024,24197.1399999997,27,2.5,3.4,3,4,4,5,NA,NA,NA
"05",6,3,14,176.224314780849,24198.3403999995,28,3.25,4.2,3.77777777777778,6,4,5,NA,NA,NA
"05",6,4,7,169.293274942699,24198.5983999993,29,5.5,5.8,5.66666666666667,6,5,4,NA,NA,NA
"05",6,5,12,168.290230255675,24199.0879999993,30,5.25,5.8,5.55555555555556,6,6,5,6,5,4
"05",7,1,13,167.413477076594,24197.0535999991,31,5.5,5.8,5.66666666666667,6,6,5,NA,NA,NA
"05",7,2,7,168.331544832079,24197.5731999994,32,6,5.8,5.88888888888889,6,5,6,NA,NA,NA
"05",7,3,8,166.241123159608,24199.105999999,33,6,6.4,6.22222222222222,7,6,4,NA,NA,NA
"05",7,4,12,167.618406308606,24198.4227999997,34,5,5.2,5.11111111111111,6,6,6,NA,NA,NA
"05",7,5,8,165.872767807075,24198.7615999993,35,6,6.8,6.44444444444444,7,6,5,6,6,5
"05",8,1,15,163.37979844279,24198.3991999998,36,5.25,6.4,5.88888888888889,7,6,5,NA,NA,NA
"05",8,2,14,174.780981162069,24197.4711999986,37,3.25,4.6,4,6,6,6,NA,NA,NA
"05",8,3,9,175.427456348979,24199.142399999,38,4.25,5.6,5,6,3,3,NA,NA,NA
"05",8,4,11,167.501624623772,24197.5199999989,39,5.5,6.6,6.11111111111111,7,6,5,NA,NA,NA
"05",8,5,10,165.727663708853,24196.5747999994,40,5.25,6.8,6.11111111111111,7,6,3,6,6,4
"06",1,1,24,254.883040038853,24197.3912000009,1,5.5,5.2,5.33333333333333,6,7,3,NA,NA,NA
"06",1,2,25,227.602131966181,24197.9796000017,2,5.25,5.6,5.44444444444444,6,6,3,NA,NA,NA
"06",1,3,16,197.998800945785,24197.1695999996,3,6.5,6.4,6.44444444444444,6,6,3,NA,NA,NA
"06",1,4,21,203.02741513851,24198.6235999995,4,4.5,5.6,5.11111111111111,6,6,4,NA,NA,NA
"06",1,5,26,195.231309455949,24196.8659999996,5,4.75,5.8,5.33333333333333,6,6,3,4,4,5
"06",2,1,15,181.980126380935,24199.0140000008,6,5.25,5.8,5.55555555555556,6,5,3,NA,NA,NA
"06",2,2,28,180.984721940487,24198.0916000005,7,3.5,4.8,4.22222222222222,5,5,3,NA,NA,NA
"06",2,3,19,216.383576232309,24197.090400001,8,3.25,2.6,2.88888888888889,5,5,3,NA,NA,NA
"06",2,4,24,194.316916847411,24197.7711999989,9,3.75,3.8,3.77777777777778,5,5,3,NA,NA,NA
"06",2,5,22,189.613281798571,24197.6175999997,10,4.75,4.2,4.44444444444444,5,5,4,5,4,5
"06",3,1,14,199.607419511191,24198.0415999994,11,5.5,5.2,5.33333333333333,5,5,3,NA,NA,NA
"06",3,2,24,190.30644188412,24198.6303999993,12,5,5.4,5.22222222222222,5,4,3,NA,NA,NA
"06",3,3,18,206.338697384705,24198.7547999992,13,5,5.2,5.11111111111111,5,3,3,NA,NA,NA
"06",3,4,19,202.643493555141,24196.8135999998,14,5.25,5.2,5.22222222222222,5,3,3,NA,NA,NA
"06",3,5,25,172.610005597865,24196.5987999998,15,6.25,6.6,6.44444444444444,6,3,3,3,5,4
"06",4,1,16,174.169439796487,24198.3176000004,16,5.5,5.4,5.44444444444444,6,3,3,NA,NA,NA
"06",4,2,20,182.189522384515,24198.7348,17,5.25,5.2,5.22222222222222,6,4,3,NA,NA,NA
"06",4,3,18,187.828521712333,24196.9364000002,18,5.5,5.4,5.44444444444444,5,4,3,NA,NA,NA
"06",4,4,27,212.609425236184,24198.0404000011,19,3.25,2.6,2.88888888888889,4,4,2,NA,NA,NA
"06",4,5,19,187.527965802305,24198.7808000002,20,5,4.6,4.77777777777778,4,3,3,2,3,4
"06",5,1,18,190.421609106958,24197.8300000002,21,5,4.2,4.55555555555556,5,4,3,NA,NA,NA
"06",5,2,15,178.601430623954,24196.4795999997,22,6.25,6,6.11111111111111,7,4,3,NA,NA,NA
"06",5,3,17,186.408941753237,24198.7120000009,23,5,5.8,5.44444444444444,6,4,3,NA,NA,NA
"06",5,4,17,187.713029678657,24196.6748000006,24,4.5,5.8,5.22222222222222,5,3,3,NA,NA,NA
"06",5,5,20,166.76132926757,24197.3227999989,25,6.25,6.6,6.44444444444444,6,3,3,4,6,4
"06",6,1,15,189.023318915253,24196.4196000004,26,4.5,4.4,4.44444444444444,4,3,3,NA,NA,NA
"06",6,2,18,179.037384528776,24199.2624000001,27,5.5,5.2,5.33333333333333,4,4,3,NA,NA,NA
"06",6,3,19,174.254420814699,24196.406,28,5.25,5.4,5.33333333333333,5,4,3,NA,NA,NA
"06",6,4,18,189.042748337646,24197.3060000001,29,4,4.2,4.11111111111111,5,4,3,NA,NA,NA
"06",6,5,17,176.554916991401,24197.492399999,30,5.25,5.2,5.22222222222222,5,5,4,5,5,5
"06",7,1,13,178.229774808073,24197.8255999999,31,5.5,5.4,5.44444444444444,6,4,3,NA,NA,NA
"06",7,2,19,169.621899234634,24197.0411999981,32,5.5,6.4,6,6,6,5,NA,NA,NA
"06",7,3,15,185.303825756394,24198.3748000002,33,4.75,5.2,5,6,4,3,NA,NA,NA
"06",7,4,12,175.226793753023,24198.5487999988,34,6,6,6,7,4,4,NA,NA,NA
"06",7,5,16,176.039955451183,24198.6059999988,35,5.75,6,5.88888888888889,6,5,4,2,6,3
"06",8,1,14,179.041002815506,24197.0811999992,36,6.5,6,6.22222222222222,6,4,4,NA,NA,NA
"06",8,2,19,177.828535741906,24198.9044000006,37,5.25,5.2,5.22222222222222,6,4,3,NA,NA,NA
"06",8,3,19,171.22636857283,24198.8835999987,38,5.75,7,6.44444444444444,6,4,3,NA,NA,NA
"06",8,4,16,197.734430603681,24198.6775999991,39,3.5,3.8,3.66666666666667,6,3,3,NA,NA,NA
"06",8,5,15,179.489952632795,24198.7412000003,40,5.25,6.4,5.88888888888889,6,4,3,5,6,4
"07",1,1,34,300.097351549456,24197.5488000019,1,4.5,6.2,5.44444444444444,4,2,2,NA,NA,NA
"07",1,2,33,244.340131627709,24196.4716000008,2,4.5,6,5.33333333333333,4,2,2,NA,NA,NA
"07",1,3,31,229.791460241547,24196.4076000017,3,5.25,6,5.66666666666667,5,1,1,NA,NA,NA
"07",1,4,30,239.330573819573,24197.0776000009,4,4.75,5.8,5.33333333333333,5,2,3,NA,NA,NA
"07",1,5,28,214.968433291853,24197.8172000009,5,5,5.8,5.44444444444444,5,2,2,4,4,4
"07",2,1,27,199.568084443947,24196.7171999987,6,4.75,5.2,5,4,2,1,NA,NA,NA
"07",2,2,21,196.943857716611,24196.9059999994,7,4.5,5.8,5.22222222222222,5,1,1,NA,NA,NA
"07",2,3,24,213.524963056748,24198.4884000009,8,4.5,5.6,5.11111111111111,4,2,3,NA,NA,NA
"07",2,4,26,201.282776484368,24198.0815999991,9,4.25,5.4,4.88888888888889,4,1,3,NA,NA,NA
"07",2,5,27,196.977948395745,24197.9755999988,10,5,6.2,5.66666666666667,5,1,1,2,5,4
"07",3,1,25,210.896432921685,24198.4184000004,11,4,4.4,4.22222222222222,3,1,3,NA,NA,NA
"07",3,2,22,189.098852047658,24198.3187999987,12,4.25,5,4.66666666666667,3,2,2,NA,NA,NA
"07",3,3,21,198.224498264564,24196.9188000002,13,4.75,5.4,5.11111111111111,4,1,2,NA,NA,NA
"07",3,4,24,223.16544054902,24197.4184000022,14,3.5,4.6,4.11111111111111,4,2,3,NA,NA,NA
"07",3,5,21,199.57508940492,24198.5771999988,15,4.5,4.8,4.66666666666667,2,2,2,5,4,4
"07",4,1,20,202.029337080194,24196.754399999,16,3.25,4.8,4.11111111111111,4,1,2,NA,NA,NA
"07",4,2,30,206.612272821583,24197.4175999997,17,2.75,4.4,3.66666666666667,3,3,2,NA,NA,NA
"07",4,3,17,188.415143285481,24196.6784000006,18,4,5,4.55555555555556,3,1,1,NA,NA,NA
"07",4,4,23,183.87382432129,24198.2019999999,19,4.25,5.2,4.77777777777778,1,2,1,NA,NA,NA
"07",4,5,28,196.198590441166,24198.6039999989,20,4,4.8,4.44444444444444,3,3,2,4,4,4
"07",5,1,25,226.889281475493,24197.9228000019,21,3.5,4.2,3.88888888888889,3,2,3,NA,NA,NA
"07",5,2,25,188.692404278165,24197.6483999999,22,4.25,4.8,4.55555555555556,2,2,1,NA,NA,NA
"07",5,3,31,189.779291939773,24197.5327999995,23,4,5.4,4.77777777777778,1,2,2,NA,NA,NA
"07",5,4,22,193.959778836017,24197.6139999997,24,4,5.2,4.66666666666667,3,2,3,NA,NA,NA
"07",5,5,29,188.244214657209,24197.2855999996,25,4.25,5.2,4.77777777777778,4,2,1,3,4,4
"07",6,1,32,191.771965236743,24197.9131999994,26,3.25,4.2,3.77777777777778,4,1,2,NA,NA,NA
"07",6,2,31,205.00575511048,24196.6703999984,27,3.75,3.8,3.77777777777778,2,3,1,NA,NA,NA
"07",6,3,21,179.845139375829,24198.3348000003,28,4.75,4.6,4.66666666666667,2,1,1,NA,NA,NA
"07",6,4,23,201.907897264756,24197.9747999983,29,4.25,4.2,4.22222222222222,2,2,1,NA,NA,NA
"07",6,5,32,208.039809370651,24197.3480000015,30,3.5,4.4,4,3,2,3,3,4,4
"07",7,1,25,204.481088316289,24196.8983999992,31,4.25,5.4,4.88888888888889,2,2,1,NA,NA,NA
"07",7,2,19,198.792582099759,24197.238399999,32,3.75,4,3.88888888888889,2,1,3,NA,NA,NA
"07",7,3,19,188.675056472346,24197.7088000004,33,4.75,5,4.88888888888889,1,2,1,NA,NA,NA
"07",7,4,18,207.137770826502,24198.2139999994,34,3.75,4.6,4.22222222222222,3,2,3,NA,NA,NA
"07",7,5,20,189.106828003457,24196.6915999998,35,4.5,5.6,5.11111111111111,5,1,1,3,4,4
"07",8,1,17,198.956588479362,24198.5396000002,36,4.5,5.4,5,2,1,1,NA,NA,NA
"07",8,2,22,184.721350237141,24196.8124000001,37,4.5,5.4,5,1,1,2,NA,NA,NA
"07",8,3,21,187.205332555093,24197.7624000001,38,4.5,5.2,4.88888888888889,2,2,2,NA,NA,NA
"07",8,4,22,195.247345583791,24197.5735999995,39,3.75,4.2,4,1,2,2,NA,NA,NA
"07",8,5,16,195.919513082946,24196.7323999994,40,4,5.2,4.66666666666667,3,1,2,3,4,4
"08",1,1,28,200.217562289089,24197.8911999991,1,4.75,6.8,5.88888888888889,3,6,2,NA,NA,NA
"08",1,2,19,190.655129595781,24196.6359999995,2,5.5,6.8,6.22222222222222,5,2,2,NA,NA,NA
"08",1,3,16,188.979673592566,24196.9380000003,3,5,6.2,5.66666666666667,4,2,3,NA,NA,NA
"08",1,4,15,193.249027870121,24196.9496,4,5.25,6.8,6.11111111111111,4,2,2,NA,NA,NA
"08",1,5,13,183.223740424682,24197.5988000005,5,6,7,6.55555555555556,4,2,2,2,4,4
"08",2,1,19,184.384696179311,24198.4108000006,6,3.5,2.4,2.88888888888889,2,1,4,NA,NA,NA
"08",2,2,17,179.6851961837,24198.8904000001,7,3.5,3.6,3.55555555555556,4,2,3,NA,NA,NA
"08",2,3,16,170.6570569178,24196.7327999996,8,4.5,4.8,4.66666666666667,4,2,2,NA,NA,NA
"08",2,4,11,175.345658875492,24196.4571999995,9,4.75,5.4,5.11111111111111,4,2,2,NA,NA,NA
"08",2,5,20,182.804112772591,24199.0335999999,10,2.75,3.2,3,5,2,5,5,4,4
"08",3,1,20,198.065745668176,24197.8079999997,11,3.25,4.4,3.88888888888889,5,3,2,NA,NA,NA
"08",3,2,21,169.711581414207,24199.229599999,12,4.75,5.6,5.22222222222222,5,2,4,NA,NA,NA
"08",3,3,14,181.741331048676,24197.8036,13,4.5,5,4.77777777777778,5,2,3,NA,NA,NA
"08",3,4,14,193.868205608447,24198.9804,14,4.25,5,4.66666666666667,5,3,4,NA,NA,NA
"08",3,5,14,176.189566757843,24197.7687999989,15,5,6.2,5.66666666666667,7,5,2,6,4,4
"08",4,1,16,178.408467698777,24198.2851999995,16,3.5,4,3.77777777777778,5,2,3,NA,NA,NA
"08",4,2,7,174.497065143215,24197.6407999993,17,5.5,5,5.22222222222222,5,3,3,NA,NA,NA
"08",4,3,15,190.689122171231,24197.5891999999,18,3,5,4.11111111111111,5,2,3,NA,NA,NA
"08",4,4,13,180.10999343421,24198.7563999999,19,5,5,5,6,3,2,NA,NA,NA
"08",4,5,25,168.074223899523,24197.3495999988,20,6,6,6,5,5,4,5,5,4
"08",5,1,17,193.23198561331,24198.3196000006,21,3,3.2,3.11111111111111,5,2,2,NA,NA,NA
"08",5,2,13,171.810670501947,24196.6779999988,22,4,4.6,4.33333333333333,5,2,3,NA,NA,NA
"08",5,3,17,185.150127183037,24199.0444000002,23,4.25,4.6,4.44444444444444,5,2,3,NA,NA,NA
"08",5,4,13,171.797637196887,24196.9735999987,24,5.25,5.4,5.33333333333333,6,2,3,NA,NA,NA
"08",5,5,12,171.054662740039,24197.6939999994,25,5.25,5.8,5.55555555555556,6,4,2,6,4,4
"08",6,1,NA,NA,NA,NA,NA,NA,NA,NA,NA,NA,NA,NA,NA
"08",6,2,15,172.673500714726,24196.6843999997,26,3.5,5.2,4.44444444444444,6,3,2,NA,NA,NA
"08",6,3,11,174.764437577699,24199.3923999996,27,4.75,6,5.44444444444444,6,2,3,NA,NA,NA
"08",6,4,12,177.138366738013,24198.4843999988,28,4.5,6,5.33333333333333,6,3,2,NA,NA,NA
"08",6,5,12,168.912508158459,24199.1783999987,29,5.5,6,5.77777777777778,7,7,3,6,4,4
"08",7,1,15,180.942987901212,24198.9440000004,30,2.5,3.4,3,5,2,3,NA,NA,NA
"08",7,2,8,166.001269514488,24199.0723999993,31,5.25,5.8,5.55555555555556,6,3,2,NA,NA,NA
"08",7,3,8,166.534069653362,24197.8443999992,32,5.25,5.6,5.44444444444444,6,4,3,NA,NA,NA
"08",7,4,13,170.82547186832,24198.9731999992,33,4,4.6,4.33333333333333,6,3,2,NA,NA,NA
"08",7,5,15,166.025578998081,24199.2691999992,34,5,5.6,5.33333333333333,6,4,2,6,4,4
"08",8,1,8,170.002361533578,24196.6963999994,35,5.5,5.8,5.66666666666667,7,4,4,NA,NA,NA
"08",8,2,14,172.285807490396,24198.1303999989,36,3,5.6,4.44444444444444,6,4,3,NA,NA,NA
"08",8,3,13,167.470256769843,24199.6643999991,37,5.25,6,5.66666666666667,6,4,3,NA,NA,NA
"08",8,4,12,173.460925713361,24198.1203999993,38,2.75,6,4.55555555555556,6,4,3,NA,NA,NA
"08",8,5,16,167.374377433823,24197.339999999,39,5.5,5.8,5.66666666666667,6,4,2,5,4,4
"09",1,1,26,233.013251774201,24197.2728000014,1,4.75,6,5.44444444444444,6,7,5,NA,NA,NA
"09",1,2,22,198.218481779146,24197.8656000001,2,5.25,6,5.66666666666667,6,5,4,NA,NA,NA
"09",1,3,22,206.730742467995,24198.1099999995,3,5.5,5.8,5.66666666666667,6,5,5,NA,NA,NA
"09",1,4,25,197.309687475314,24198.7075999993,4,5,5.2,5.11111111111111,6,5,6,NA,NA,NA
"09",1,5,24,192.388221419927,24197.0719999991,5,6,6.6,6.33333333333333,6,4,4,1,6,3
"09",2,1,27,198.501228555741,24196.4491999997,6,4,3.8,3.88888888888889,5,3,5,NA,NA,NA
"09",2,2,26,199.566065042506,24197.7735999986,7,4.75,5,4.88888888888889,5,4,4,NA,NA,NA
"09",2,3,16,192.607181065564,24198.7856000005,8,6.25,6,6.11111111111111,6,6,5,NA,NA,NA
"09",2,4,17,183.418123428039,24198.1371999995,9,6,6,6,5,5,3,NA,NA,NA
"09",2,5,18,187.497974918836,24196.9311999997,10,5.75,6.6,6.22222222222222,5,5,4,1,6,2
"09",3,1,29,200.262832729864,24197.0955999994,11,3.5,4.4,4,5,5,4,NA,NA,NA
"09",3,2,15,196.113553784253,24198.5623999994,12,4.5,5,4.77777777777778,5,5,4,NA,NA,NA
"09",3,3,19,192.751987474043,24196.8263999997,13,5,5,5,4,4,4,NA,NA,NA
"09",3,4,25,196.987121982522,24197.1747999994,14,4.5,5,4.77777777777778,5,5,3,NA,NA,NA
"09",3,5,23,187.030396461056,24197.0724000003,15,6,6,6,5,4,3,1,6,3
"09",4,1,20,200.126029149347,24198.0295999991,16,5.75,5.4,5.55555555555556,5,4,3,NA,NA,NA
"09",4,2,10,178.441378380507,24198.8347999998,17,6.25,6,6.11111111111111,6,5,3,NA,NA,NA
"09",4,3,24,178.939704264248,24198.1480000005,18,5.75,6,5.88888888888889,6,5,5,NA,NA,NA
"09",4,4,15,181.187681927419,24198.2416000004,19,6,6,6,7,6,3,NA,NA,NA
"09",4,5,17,178.110501913049,24198.0087999988,20,6,6,6,6,3,3,1,6,2
"09",5,1,18,164.230901394076,24199.1211999996,21,7,7,7,6,5,3,NA,NA,NA
"09",5,2,17,180.868367202892,24197.5416000004,22,5.75,6.2,6,5,5,4,NA,NA,NA
"09",5,3,19,181.319322922521,24197.1068000002,23,6,6,6,5,5,4,NA,NA,NA
"09",5,4,19,178.766536659508,24198.1068000005,24,5.5,5.6,5.55555555555556,5,4,4,NA,NA,NA
"09",5,5,11,174.006507509687,24196.5879999989,25,7,7,7,6,6,5,1,6,2
"09",6,1,14,172.539901905879,24198.5687999986,26,5.25,4.8,5,6,5,5,NA,NA,NA
"09",6,2,23,182.6684419214,24197.6608000006,27,3.75,4,3.88888888888889,5,4,4,NA,NA,NA
"09",6,3,24,171.464668294173,24197.5315999989,28,4.25,4.2,4.22222222222222,5,5,3,NA,NA,NA
"09",6,4,22,185.022319008985,24198.2016,29,5,5,5,5,4,4,NA,NA,NA
"09",6,5,17,177.7138971872,24196.5071999993,30,4.75,5,4.88888888888889,5,4,3,1,6,3
"09",7,1,22,182.141481255551,24196.9871999996,31,3.25,4.2,3.77777777777778,5,4,4,NA,NA,NA
"09",7,2,23,191.882394776038,24197.4095999992,32,3.5,4,3.77777777777778,5,4,4,NA,NA,NA
"09",7,3,17,183.747134322761,24197.7700000006,33,4.75,5,4.88888888888889,5,4,4,NA,NA,NA
"09",7,4,21,180.075232576085,24197.3392000005,34,4.5,5,4.77777777777778,5,4,4,NA,NA,NA
"09",7,5,11,178.050599759458,24197.7695999995,35,5,5,5,6,4,4,1,6,4
"09",8,1,27,181.958286603146,24197.0943999996,36,4.75,5,4.88888888888889,6,4,3,NA,NA,NA
"09",8,2,14,181.989746096607,24199.2872000002,37,4.75,5,4.88888888888889,6,5,4,NA,NA,NA
"09",8,3,10,168.538347116707,24196.7327999995,38,6,6,6,5,5,3,NA,NA,NA
"09",8,4,15,174.851758355358,24196.8659999991,39,5,5,5,5,4,4,NA,NA,NA
"09",8,5,14,176.316275758492,24198.6763999992,40,5,5,5,5,3,3,1,5,3
"10",1,1,27,283.041377914745,24197.0132000015,1,3,6,4.66666666666667,5,3,1,NA,NA,NA
"10",1,2,34,204.202126751772,24197.5340000003,2,4.25,5.4,4.88888888888889,5,3,1,NA,NA,NA
"10",1,3,25,193.690229327378,24196.5659999996,3,4.5,6,5.33333333333333,6,4,1,NA,NA,NA
"10",1,4,20,209.220711875482,24197.6607999988,4,5.5,5.8,5.66666666666667,6,5,1,NA,NA,NA
"10",1,5,20,203.710448707321,24196.7903999996,5,4.5,6,5.33333333333333,6,6,1,2,2,4
"10",2,1,21,191.078786191333,24198.0523999988,6,4.75,4.6,4.66666666666667,5,4,1,NA,NA,NA
"10",2,2,19,196.572091314324,24197.646800001,7,4.5,4.8,4.66666666666667,6,5,1,NA,NA,NA
"10",2,3,23,197.300144651961,24197.9927999988,8,4,4,4,5,4,1,NA,NA,NA
"10",2,4,21,183.483109268672,24198.2355999998,9,5.5,5,5.22222222222222,5,4,1,NA,NA,NA
"10",2,5,24,191.604383346958,24197.7395999989,10,4.5,3.8,4.11111111111111,5,5,1,2,2,4
"10",3,1,15,182.279862988616,24197.9083999999,11,5.75,5.4,5.55555555555556,6,5,1,NA,NA,NA
"10",3,2,24,179.5840696594,24198.725600001,12,4.75,6.2,5.55555555555556,6,5,1,NA,NA,NA
"10",3,3,17,189.111612004904,24197.4312000012,13,4.5,5.8,5.22222222222222,6,5,1,NA,NA,NA
"10",3,4,18,178.888923157718,24198.4224000001,14,5,5.6,5.33333333333333,6,5,1,NA,NA,NA
"10",3,5,24,203.100226328684,24197.0735999983,15,4,5.4,4.77777777777778,6,5,1,2,3,4
"10",4,1,17,191.740441929412,24198.7375999989,16,4.5,4.4,4.44444444444444,6,5,1,NA,NA,NA
"10",4,2,23,193.096815601869,24197.6775999999,17,4,4.2,4.11111111111111,5,5,1,NA,NA,NA
"10",4,3,14,187.314274568701,24198.6824000003,18,5,5.6,5.33333333333333,6,5,1,NA,NA,NA
"10",4,4,13,186.89140351476,24197.2876,19,4.5,5,4.77777777777778,6,5,1,NA,NA,NA
"10",4,5,19,179.516118745063,24197.9536000003,20,4.5,4.6,4.55555555555556,6,5,1,2,3,4
"10",5,1,20,214.035734191023,24196.4616,21,3.75,3.8,3.77777777777778,6,5,1,NA,NA,NA
"10",5,2,17,180.211171987648,24196.5504000007,22,5.5,6.4,6,6,5,1,NA,NA,NA
"10",5,3,13,181.057910132774,24199.0255999997,23,4.75,6.4,5.66666666666667,6,5,1,NA,NA,NA
"10",5,4,21,179.191898842441,24197.9448000008,24,5.75,6.2,6,6,5,1,NA,NA,NA
"10",5,5,19,204.37157721863,24198.072,25,3.75,4.4,4.11111111111111,6,6,1,3,2,4
"10",6,1,17,194.469905267867,24198.1251999998,26,4.5,3.8,4.11111111111111,6,5,1,NA,NA,NA
"10",6,2,11,177.717711410157,24196.9032000002,27,6,6,6,6,5,1,NA,NA,NA
"10",6,3,24,179.124946453366,24196.7768000005,28,5,6,5.55555555555556,6,4,1,NA,NA,NA
"10",6,4,15,179.87194107615,24198.2679999998,29,5,4.8,4.88888888888889,6,4,1,NA,NA,NA
"10",6,5,16,170.716432386174,24197.3427999985,30,5.25,4.2,4.66666666666667,6,5,1,2,4,4
"10",7,1,18,195.521048789657,24198.3827999995,31,4,6.2,5.22222222222222,7,4,1,NA,NA,NA
"10",7,2,18,178.396849642307,24197.5635999999,32,5.25,6.2,5.77777777777778,6,5,1,NA,NA,NA
"10",7,3,19,169.37697308784,24196.8839999984,33,5.75,5.6,5.66666666666667,6,5,1,NA,NA,NA
"10",7,4,17,178.668124077486,24196.9316000005,34,5.75,5.6,5.66666666666667,6,5,1,NA,NA,NA
"10",7,5,16,170.835073969308,24197.9587999985,35,6,5.2,5.55555555555556,6,4,1,2,4,4
"10",8,1,14,183.364563193668,24197.8199999996,36,4.75,5.6,5.22222222222222,6,6,1,NA,NA,NA
"10",8,2,13,171.835399454745,24199.0959999986,37,5.5,6,5.77777777777778,6,6,1,NA,NA,NA
"10",8,3,11,170.64757729121,24196.4795999986,38,5.75,5.8,5.77777777777778,6,5,1,NA,NA,NA
"10",8,4,15,169.343064819632,24198.8859999992,39,6,6.2,6.11111111111111,6,5,1,NA,NA,NA
"10",8,5,14,169.34306579487,24197.3055999989,40,5.75,5.6,5.66666666666667,6,5,1,2,4,4
"11",1,1,29,242.434568162502,24196.9384000016,1,5.25,5.2,5.22222222222222,6,3,3,NA,NA,NA
"11",1,2,28,220.664796080326,24198.1324000019,2,5.5,5.6,5.55555555555556,6,5,4,NA,NA,NA
"11",1,3,23,204.405285688442,24197.1535999984,3,6,6.2,6.11111111111111,6,5,5,NA,NA,NA
"11",1,4,29,204.100101522199,24198.188,4,5.5,5.6,5.55555555555556,6,5,5,NA,NA,NA
"11",1,5,23,198.301610896911,24197.9863999994,5,6,5.2,5.55555555555556,6,6,5,3,5,3
"11",2,1,25,175.819740557631,24197.9012000003,6,5.5,4.6,5,6,5,5,NA,NA,NA
"11",2,2,21,179.498903589507,24197.9892000003,7,6,6,6,6,5,4,NA,NA,NA
"11",2,3,19,177.513210320156,24197.4180000005,8,5.25,4.8,5,6,5,4,NA,NA,NA
"11",2,4,22,195.317589671847,24197.0927999994,9,3.75,3.8,3.77777777777778,6,5,4,NA,NA,NA
"11",2,5,23,193.011761605202,24198.4231999997,10,4.75,4.4,4.55555555555556,6,5,4,3,5,3
"11",3,1,25,178.736293623057,24197.7707999996,11,5.25,4.8,5,6,5,5,NA,NA,NA
"11",3,2,23,186.450670208735,24198.4615999998,12,4.75,4.8,4.77777777777778,6,5,5,NA,NA,NA
"11",3,3,19,181.41413311722,24198.9103999996,13,5.75,5.4,5.55555555555556,6,5,5,NA,NA,NA
"11",3,4,14,180.44871363516,24197.3360000001,14,5.75,5.8,5.77777777777778,6,5,5,NA,NA,NA
"11",3,5,13,177.71901165362,24196.7111999995,15,6,6,6,6,5,5,3,5,4
"11",4,1,18,194.452900672572,24197.5367999995,16,5,5.2,5.11111111111111,6,5,5,NA,NA,NA
"11",4,2,18,188.95959689543,24197.2271999999,17,5.25,5,5.11111111111111,6,5,5,NA,NA,NA
"11",4,3,17,184.465617278864,24198.2527999989,18,5.75,5.8,5.77777777777778,6,5,5,NA,NA,NA
"11",4,4,20,186.80635737667,24198.1292000004,19,5,5,5,6,5,5,NA,NA,NA
"11",4,5,14,168.342741040861,24197.3899999993,20,6.25,6.2,6.22222222222222,6,5,5,4,3,4
"11",5,1,17,180.244034286442,24196.7131999992,21,5,5.4,5.22222222222222,6,5,5,NA,NA,NA
"11",5,2,19,179.668581708973,24197.8156000007,22,4.75,5,4.88888888888889,6,5,5,NA,NA,NA
"11",5,3,15,174.072543076871,24198.8703999988,23,5.5,5.4,5.44444444444444,6,5,5,NA,NA,NA
"11",5,4,17,177.464474396712,24198.3155999991,24,5,5,5,6,5,5,NA,NA,NA
"11",5,5,19,176.786285618434,24196.9195999999,25,5.25,5.6,5.44444444444444,6,5,5,3,4,3
"11",6,1,17,181.736732763308,24197.0244,26,3.75,5,4.44444444444444,6,5,5,NA,NA,NA
"11",6,2,12,172.496469644551,24196.7523999989,27,6,5.8,5.88888888888889,6,5,5,NA,NA,NA
"11",6,3,12,169.679996684197,24198.118799999,28,6,6,6,6,5,5,NA,NA,NA
"11",6,4,13,184.771618916659,24197.2196000002,29,3.5,5,4.33333333333333,6,5,5,NA,NA,NA
"11",6,5,14,171.47918406854,24196.9923999988,30,6,6,6,6,5,5,3,5,3
"11",7,1,14,174.141401982952,24198.1855999999,31,6,5.2,5.55555555555556,6,5,5,NA,NA,NA
"11",7,2,13,169.563642095377,24198.239599999,32,5.75,6,5.88888888888889,6,5,5,NA,NA,NA
"11",7,3,14,174.277042746154,24198.4468000007,33,5.5,5.6,5.55555555555556,6,5,5,NA,NA,NA
"11",7,4,15,173.242804570551,24197.5547999995,34,5.5,6,5.77777777777778,6,5,5,NA,NA,NA
"11",7,5,14,181.279318220717,24198.7416000004,35,4.75,5.2,5,6,5,5,3,5,3
"11",8,1,21,181.465818144404,24197.7487999997,36,4.5,5,4.77777777777778,6,5,5,NA,NA,NA
"11",8,2,18,180.957179484304,24197.6876000008,37,5.5,6,5.77777777777778,6,5,5,NA,NA,NA
"11",8,3,15,180.888359361629,24198.4252000001,38,5.25,5,5.11111111111111,6,5,5,NA,NA,NA
"11",8,4,17,181.398003492328,24197.8179999994,39,5,5,5,6,5,5,NA,NA,NA
"11",8,5,24,167.15607639236,24199.0707999986,40,5.25,5.2,5.22222222222222,6,5,5,3,4,3
"12",1,1,30,187.314996759774,24198.8696000003,1,5.5,6,5.77777777777778,5,1,1,NA,NA,NA
"12",1,2,16,179.871901366454,24197.7363999993,2,6,6,6,5,1,1,NA,NA,NA
"12",1,3,15,181.464641797791,24196.4935999992,3,5.75,6,5.88888888888889,5,2,2,NA,NA,NA
"12",1,4,17,182.584650350622,24198.7580000007,4,5.75,6.2,6,5,2,2,NA,NA,NA
"12",1,5,13,175.226331844959,24196.7339999995,5,6.5,6.2,6.33333333333333,5,2,2,3,5,4
"12",2,1,15,177.396698379788,24197.8159999995,6,4,2.6,3.22222222222222,3,2,2,NA,NA,NA
"12",2,2,13,168.427678772136,24199.4967999987,7,4.25,3.8,4,5,2,2,NA,NA,NA
"12",2,3,21,195.503286552782,24196.8956000002,8,2.75,3.6,3.22222222222222,4,2,2,NA,NA,NA
"12",2,4,12,164.290738016395,24196.4303999997,9,5.5,5.8,5.66666666666667,5,5,2,NA,NA,NA
"12",2,5,20,178.108794893263,24198.7676000002,10,3.25,3.8,3.55555555555556,5,3,2,3,5,4
"12",3,1,11,177.463344244613,24197.2535999995,11,2.5,3.4,3,5,3,3,NA,NA,NA
"12",3,2,11,166.155589840563,24197.03,12,4.25,4.6,4.44444444444444,5,4,2,NA,NA,NA
"12",3,3,18,163.1017582065,24197.5819999998,13,4.5,4.6,4.55555555555556,4,2,2,NA,NA,NA
"12",3,4,14,171.106349135915,24198.8675999988,14,3,5,4.11111111111111,4,2,1,NA,NA,NA
"12",3,5,11,163.358071283017,24197.6047999997,15,6,6,6,5,2,2,3,6,4
"12",4,1,12,172.089715489157,24197.9763999988,16,3.75,5,4.44444444444444,5,2,1,NA,NA,NA
"12",4,2,10,173.005270913597,24198.313599999,17,3,3.8,3.44444444444444,5,4,2,NA,NA,NA
"12",4,3,10,165.172220805419,24198.2655999996,18,4.25,3.8,4,5,2,2,NA,NA,NA
"12",4,4,13,168.783561937075,24196.6827999985,19,3.75,4.2,4,5,2,2,NA,NA,NA
"12",4,5,10,177.02253017506,24196.5507999994,20,2.75,4.2,3.55555555555556,5,2,2,3,5,5
"12",5,1,5,168.597101350338,24199.5139999994,21,5,4.6,4.77777777777778,5,2,2,NA,NA,NA
"12",5,2,11,160.933596566189,24197.706,22,5.75,5.4,5.55555555555556,5,4,2,NA,NA,NA
"12",5,3,11,163.527658832665,24197.8271999994,23,5,5,5,5,4,2,NA,NA,NA
"12",5,4,8,167.969778608897,24197.9535999998,24,3.75,4,3.88888888888889,5,4,2,NA,NA,NA
"12",5,5,8,166.087809896954,24198.0723999992,25,3.75,4.2,4,4,4,2,3,5,4
"12",6,1,4,161.629013901547,24197.8627999999,26,6,5.2,5.55555555555556,5,3,2,NA,NA,NA
"12",6,2,7,163.816168880216,24198.7351999998,27,4.25,5.8,5.11111111111111,5,3,2,NA,NA,NA
"12",6,3,10,170.34372279997,24196.484399999,28,3,3.4,3.22222222222222,4,3,2,NA,NA,NA
"12",6,4,12,173.056468054335,24198.0831999994,29,2.75,3,2.88888888888889,4,3,3,NA,NA,NA
"12",6,5,10,160.170909932274,24197.9184,30,4.75,5.2,5,5,5,3,2,6,4
"12",7,1,12,166.698459219643,24197.1291999992,31,2,3.4,2.77777777777778,4,3,2,NA,NA,NA
"12",7,2,7,167.156238921893,24196.7571999993,32,2.5,3,2.77777777777778,4,3,2,NA,NA,NA
"12",7,3,4,160.000370347073,24198.2527999998,33,4.75,4.8,4.77777777777778,4,4,2,NA,NA,NA
"12",7,4,9,179.973981594311,24197.6655999995,34,3.75,4.2,4,5,3,3,NA,NA,NA
"12",7,5,5,167.529250348282,24196.9495999995,35,3.5,4.4,4,5,3,2,4,4,4
"12",8,1,13,173.615465785053,24196.8687999992,36,2,4,3.11111111111111,4,3,2,NA,NA,NA
"12",8,2,9,161.425086247461,24196.484,37,5,5,5,5,3,2,NA,NA,NA
"12",8,3,8,161.441045502088,24197.5320000001,38,4.25,5,4.66666666666667,5,3,2,NA,NA,NA
"12",8,4,11,172.988145271201,24199.0031999988,39,3.5,4,3.77777777777778,4,3,2,NA,NA,NA
"12",8,5,10,168.08725975663,24197.6359999993,40,3,4.2,3.66666666666667,5,4,3,3,5,5
"13",1,1,24,227.904930737279,24197.8196000022,1,4.25,5.2,4.77777777777778,6,4,3,NA,NA,NA
"13",1,2,25,211.272383633825,24196.4347999992,2,4.25,5.4,4.88888888888889,5,3,2,NA,NA,NA
"13",1,3,14,178.431149682913,24197.5775999995,3,5.5,6,5.77777777777778,6,3,2,NA,NA,NA
"13",1,4,23,198.912410823499,24197.4175999987,4,4.5,5,4.77777777777778,5,3,2,NA,NA,NA
"13",1,5,20,180.669172463043,24196.6823999997,5,4.5,4.8,4.66666666666667,5,3,2,5,4,4
"13",2,1,18,166.511797212867,24197.577199999,6,5.25,5.4,5.33333333333333,6,3,2,NA,NA,NA
"13",2,2,24,177.515381700923,24196.6272000003,7,5,5,5,5,3,2,NA,NA,NA
"13",2,3,18,181.262363948174,24198.3223999996,8,4,4.6,4.33333333333333,5,3,2,NA,NA,NA
"13",2,4,14,178.956526562319,24198.9124,9,4.5,4.8,4.66666666666667,5,3,2,NA,NA,NA
"13",2,5,11,170.869148387858,24198.0555999993,10,5.5,5.8,5.66666666666667,5,3,2,5,5,4
"13",3,1,14,180.228132355429,24198.1959999999,11,4,4.8,4.44444444444444,5,3,2,NA,NA,NA
"13",3,2,13,175.480822915757,24196.9547999994,12,4.75,4.2,4.44444444444444,5,3,2,NA,NA,NA
"13",3,3,9,182.126054659176,24197.5879999998,13,4,4.2,4.11111111111111,5,3,2,NA,NA,NA
"13",3,4,11,171.564291604028,24197.6243999987,14,4.25,5,4.66666666666667,5,3,2,NA,NA,NA
"13",3,5,16,190.180518543911,24198.3684000004,15,3.25,3.8,3.55555555555556,5,3,2,4,3,4
"13",4,1,14,172.564616114544,24197.4715999981,16,5,5,5,5,3,2,NA,NA,NA
"13",4,2,17,170.920020957869,24197.865999999,17,4.25,4.4,4.33333333333333,5,3,2,NA,NA,NA
"13",4,3,14,174.378766430935,24196.5603999997,18,4.25,4.8,4.55555555555556,5,3,2,NA,NA,NA
"13",4,4,14,165.681022498258,24196.785999999,19,5.5,5.4,5.44444444444444,5,3,3,NA,NA,NA
"13",4,5,15,162.747865081645,24196.7527999995,20,5.5,5.6,5.55555555555556,5,3,2,4,5,4
"13",5,1,17,190.248151072054,24198.2512000005,21,3,4,3.55555555555556,5,3,2,NA,NA,NA
"13",5,2,11,166.850713849296,24197.4843999992,22,5.25,5,5.11111111111111,5,3,2,NA,NA,NA
"13",5,3,15,173.885916013542,24198.7495999983,23,4.25,5,4.66666666666667,5,3,2,NA,NA,NA
"13",5,4,14,171.513260057256,24196.7267999986,24,4.25,5,4.66666666666667,5,3,2,NA,NA,NA
"13",5,5,15,173.64954410096,24197.2187999992,25,4,5,4.55555555555556,5,3,2,4,4,4
"13",6,1,14,168.7499825676,24199.0519999989,26,4.25,4.4,4.33333333333333,5,3,2,NA,NA,NA
"13",6,2,12,173.005609331869,24197.4147999992,27,4,4.2,4.11111111111111,5,3,2,NA,NA,NA
"13",6,3,15,171.461731858967,24197.5247999984,28,4.25,5,4.66666666666667,5,3,2,NA,NA,NA
"13",6,4,10,172.039189254425,24196.4847999993,29,4.25,4.4,4.33333333333333,5,3,2,NA,NA,NA
"13",6,5,11,169.173852716455,24197.4551999994,30,5,5,5,5,3,2,4,5,4
"13",7,1,23,169.021254849986,24196.5167999986,31,4,4.8,4.44444444444444,5,3,2,NA,NA,NA
"13",7,2,16,174.734985339717,24197.4724,32,4,4.2,4.11111111111111,5,3,2,NA,NA,NA
"13",7,3,9,164.849406493825,24197.0531999997,33,6,5.8,5.88888888888889,5,3,2,NA,NA,NA
"13",7,4,11,172.446100969437,24196.8399999996,34,4.25,4.2,4.22222222222222,5,3,2,NA,NA,NA
"13",7,5,8,168.037880727275,24197.3731999991,35,5,5,5,5,3,2,4,5,4
"13",8,1,7,164.680654423692,24198.2623999996,36,5,6,5.55555555555556,5,3,2,NA,NA,NA
"13",8,2,13,167.273720774251,24196.6279999988,37,4,4,4,5,3,2,NA,NA,NA
"13",8,3,13,174.260043549252,24197.4551999994,38,3,4,3.55555555555556,5,3,2,NA,NA,NA
"13",8,4,10,173.124076358208,24199.1383999984,39,4,4,4,5,3,2,NA,NA,NA
"13",8,5,24,170.81824343549,24198.2895999987,40,3,4,3.55555555555556,5,3,2,4,5,4
"14",1,1,23,206.490164588716,24197.4511999999,1,3.25,4.4,3.88888888888889,6,2,2,NA,NA,NA
"14",1,2,25,243.825389967761,24198.0608,2,4,5,4.55555555555556,6,3,2,NA,NA,NA
"14",1,3,17,186.348989907979,24197.1043999998,3,4.25,4.6,4.44444444444444,6,3,2,NA,NA,NA
"14",1,4,25,176.227041584452,24197.7152000007,4,3.25,5,4.22222222222222,6,2,2,NA,NA,NA
"14",1,5,14,182.822415975201,24197.3847999998,5,4.25,4.8,4.55555555555556,6,2,2,4,3,4
"14",2,1,15,196.402882121494,24196.7512000002,6,3.5,4,3.77777777777778,6,2,2,NA,NA,NA
"14",2,2,14,177.142379903071,24198.2491999992,7,4.25,4.4,4.33333333333333,6,1,2,NA,NA,NA
"14",2,3,17,202.608291914154,24197.3560000002,8,3.5,4.4,4,6,1,2,NA,NA,NA
"14",2,4,15,178.617436235268,24198.7340000004,9,4.25,5,4.66666666666667,6,1,2,NA,NA,NA
"14",2,5,15,176.989786573993,24198.2240000005,10,3.75,4.8,4.33333333333333,6,1,2,3,4,4
"14",3,1,11,182.737235972797,24196.7779999998,11,4.25,4.4,4.33333333333333,6,2,3,NA,NA,NA
"14",3,2,12,175.005916520666,24198.3764000002,12,5,4.6,4.77777777777778,6,2,1,NA,NA,NA
"14",3,3,12,186.669722247551,24197.6220000002,13,4.5,4.8,4.66666666666667,6,1,2,NA,NA,NA
"14",3,4,12,177.871251370818,24197.4395999996,14,4.5,4.8,4.66666666666667,6,1,2,NA,NA,NA
"14",3,5,9,171.15720873442,24196.9487999995,15,5.25,4.8,5,6,1,2,3,5,4
"14",4,1,9,170.258615367886,24198.2091999997,16,4.75,4.8,4.77777777777778,6,1,2,NA,NA,NA
"14",4,2,9,166.392956251344,24199.047999999,17,4.75,5.4,5.11111111111111,6,1,2,NA,NA,NA
"14",4,3,14,179.78713033022,24196.7719999994,18,4.5,5.2,4.88888888888889,6,1,2,NA,NA,NA
"14",4,4,9,166.952459377711,24198.127599999,19,4.5,5.2,4.88888888888889,6,1,2,NA,NA,NA
"14",4,5,13,173.293496679073,24197.3495999992,20,4.5,5,4.77777777777778,6,1,2,3,6,4
"14",5,1,14,171.954079490614,24199.0351999992,21,4,4.8,4.44444444444444,6,1,2,NA,NA,NA
"14",5,2,11,180.465317149596,24199.2875999993,22,4.5,4.8,4.66666666666667,6,1,2,NA,NA,NA
"14",5,3,9,162.272974761347,24198.7107999998,23,5,4.6,4.77777777777778,6,1,2,NA,NA,NA
"14",5,4,10,170.868986626084,24197.4183999991,24,5,5,5,6,1,2,NA,NA,NA
"14",5,5,12,171.174168354234,24197.8467999983,25,5,4.8,4.88888888888889,6,1,2,2,6,4
"14",6,1,14,180.634864342059,24196.5784,26,4,4.6,4.33333333333333,6,1,3,NA,NA,NA
"14",6,2,15,178.278167168345,24199.2767999998,27,4,4.8,4.44444444444444,6,1,3,NA,NA,NA
"14",6,3,13,163.814850717994,24198.0835999993,28,5.25,5.4,5.33333333333333,6,1,3,NA,NA,NA
"14",6,4,10,165.053540281931,24198.9119999994,29,4.5,5.2,4.88888888888889,7,1,2,NA,NA,NA
"14",6,5,9,173.902871000979,24197.0543999995,30,4.5,5,4.77777777777778,6,1,3,3,5,4
"14",7,1,10,167.444129144819,24196.8203999986,31,4.75,5.2,5,7,1,2,NA,NA,NA
"14",7,2,12,170.902893675245,24197.9099999991,32,4.5,5.4,5,7,2,2,NA,NA,NA
"14",7,3,16,169.783885959655,24198.0971999986,33,4.5,5.2,4.88888888888889,7,1,2,NA,NA,NA
"14",7,4,10,164.392307474755,24196.7183999998,34,5,5.4,5.22222222222222,7,2,2,NA,NA,NA
"14",7,5,14,170.613665853481,24197.4171999993,35,4.5,5.2,4.88888888888889,7,2,3,3,5,4
"14",8,1,14,173.531157055159,24196.9807999987,36,4.75,5.2,5,7,2,2,NA,NA,NA
"14",8,2,12,173.615934818931,24196.988799999,37,4.5,5.2,4.88888888888889,7,2,3,NA,NA,NA
"14",8,3,11,170.174134761928,24198.1075999991,38,4.5,5.2,4.88888888888889,7,2,2,NA,NA,NA
"14",8,4,10,171.970342984217,24198.7787999993,39,4.5,5.2,4.88888888888889,7,2,2,NA,NA,NA
"14",8,5,10,167.546157936531,24197.8271999992,40,4.75,5.2,5,7,2,2,3,6,4
"15",1,1,26,226.429599503799,24197.3192000012,1,4.75,6.2,5.55555555555556,6,2,1,NA,NA,NA
"15",1,2,19,211.662082640711,24197.2144000007,2,4.75,6.6,5.77777777777778,6,2,1,NA,NA,NA
"15",1,3,13,179.380397516848,24197.5771999994,3,5.5,6.6,6.11111111111111,6,1,1,NA,NA,NA
"15",1,4,16,192.31680540243,24196.8156000006,4,5.75,6.8,6.33333333333333,6,1,1,NA,NA,NA
"15",1,5,15,184.788929680936,24197.6352000003,5,5.25,6.6,6,7,2,1,4,4,3
"15",2,1,17,176.056888689724,24199.2951999992,6,5,7,6.11111111111111,5,1,1,NA,NA,NA
"15",2,2,14,189.09502651545,24198.9320000002,7,5,7,6.11111111111111,4,1,1,NA,NA,NA
"15",2,3,11,171.003415032923,24197.2847999982,8,4.25,6.8,5.66666666666667,7,1,1,NA,NA,NA
"15",2,4,13,179.074819380184,24198.4951999989,9,4.25,6.6,5.55555555555556,6,1,1,NA,NA,NA
"15",2,5,18,165.594887178596,24197.350399999,10,4.25,6.4,5.44444444444444,7,1,1,6,2,4
"15",3,1,16,169.444790843302,24199.407999999,11,5.25,6.4,5.88888888888889,7,2,1,NA,NA,NA
"15",3,2,15,166.61336694326,24197.9983999989,12,4,6.8,5.55555555555556,7,2,1,NA,NA,NA
"15",3,3,10,163.391981989318,24198.8319999997,13,4,7,5.66666666666667,7,2,1,NA,NA,NA
"15",3,4,12,176.175791636658,24197.2015999995,14,4.25,7,5.77777777777778,7,2,1,NA,NA,NA
"15",3,5,12,170.902893431436,24196.495199999,15,4.25,7,5.77777777777778,7,1,1,5,2,3
"15",4,1,17,175.155515966341,24196.8283999994,16,3.25,6.8,5.22222222222222,6,1,1,NA,NA,NA
"15",4,2,15,171.746636040966,24198.4771999984,17,4.25,7,5.77777777777778,7,1,1,NA,NA,NA
"15",4,3,14,208.473398453176,24198.2804000004,18,4.25,6.6,5.55555555555556,7,1,1,NA,NA,NA
"15",4,4,11,170.846044900899,24197.2511999991,19,3.75,7,5.55555555555556,7,1,1,NA,NA,NA
"15",4,5,17,167.674529192021,24197.1511999985,20,3.25,7,5.33333333333333,7,1,1,6,2,3
"15",5,1,14,178.43093143539,24199.3547999992,21,3.75,6.6,5.33333333333333,7,1,1,NA,NA,NA
"15",5,2,15,180.855449460474,24197.5735999999,22,3.25,6.4,5,6,1,1,NA,NA,NA
"15",5,3,10,168.748821302714,24196.5607999986,23,3.75,6.8,5.44444444444444,7,1,1,NA,NA,NA
"15",5,4,10,170.258780435356,24199.013199999,24,5.5,6.8,6.22222222222222,7,1,1,NA,NA,NA
"15",5,5,12,170.716561397828,24197.2647999988,25,3.25,6.2,4.88888888888889,6,2,1,5,2,4
"15",6,1,8,165.935180367694,24198.7599999992,26,4.25,6.6,5.55555555555556,6,1,1,NA,NA,NA
"15",6,2,12,165.901271368058,24196.7383999991,27,3.5,6.6,5.22222222222222,7,1,1,NA,NA,NA
"15",6,3,10,164.782267309608,24196.8019999995,28,5,6.8,6,7,1,1,NA,NA,NA
"15",6,4,9,183.46629214305,24197.0099999997,29,4.75,7,6,6,1,1,NA,NA,NA
"15",6,5,18,172.089722315818,24196.4751999987,30,3.5,6.6,5.22222222222222,7,2,1,6,2,4
"15",7,1,16,183.77147362739,24197.3723999996,31,4.75,6.8,5.88888888888889,6,1,1,NA,NA,NA
"15",7,2,14,167.122005107318,24197.7151999989,32,4,6.6,5.44444444444444,7,1,1,NA,NA,NA
"15",7,3,11,169.867661522453,24198.6499999991,33,4.25,6.6,5.55555555555556,7,1,1,NA,NA,NA
"15",7,4,10,164.49403520509,24197.3975999996,34,4.5,6.8,5.77777777777778,6,1,1,NA,NA,NA
"15",7,5,6,168.647925694723,24197.1331999993,35,4.25,7,5.77777777777778,7,2,1,5,3,4
"15",8,1,4,164.053254062778,24199.6251999997,36,5.25,6.8,6.11111111111111,7,1,1,NA,NA,NA
"15",8,2,5,164.205847280245,24197.1171999995,37,5,7,6.11111111111111,7,1,1,NA,NA,NA
"15",8,3,9,166.833814166056,24197.9483999998,38,4.25,6.8,5.66666666666667,7,1,1,NA,NA,NA
"15",8,4,6,164.273663833195,24198.6932,39,5.5,7,6.33333333333333,7,1,1,NA,NA,NA
"15",8,5,10,167.308548322409,24198.6291999995,40,5,6.8,6,7,2,1,6,2,4
"16",1,1,38,413.320530256005,24196.4916000025,1,3.5,2.8,3.11111111111111,7,5,5,NA,NA,NA
"16",1,2,38,241.686571909363,24196.4215999995,2,2,3.2,2.66666666666667,7,5,6,NA,NA,NA
"16",1,3,28,250.030257467514,24198.0968000001,3,3,3,3,7,5,6,NA,NA,NA
"16",1,4,32,250.386303670354,24197.3599999994,4,3.5,3.2,3.33333333333333,7,6,6,NA,NA,NA
"16",1,5,42,223.81836888642,24197.5012000017,5,3.25,3.6,3.44444444444444,7,7,6,3,4,4
"16",2,1,43,242.875391496809,24196.9775999995,6,3,2.6,2.77777777777778,6,6,6,NA,NA,NA
"16",2,2,36,244.180901392297,24197.0876000006,7,3.5,3.8,3.66666666666667,7,6,5,NA,NA,NA
"16",2,3,29,215.341037057553,24198.1472000018,8,4,4.6,4.33333333333333,7,6,4,NA,NA,NA
"16",2,4,37,210.678504990533,24197.5404000008,9,3,3.6,3.33333333333333,6,6,6,NA,NA,NA
"16",2,5,31,199.115432739593,24196.8967999989,10,4.5,4.6,4.55555555555556,7,7,5,3,3,4
"16",3,1,28,234.279837807974,24197.6760000006,11,5,5.2,5.11111111111111,7,6,4,NA,NA,NA
"16",3,2,35,197.878132407246,24196.4667999984,12,4.25,4.8,4.55555555555556,7,6,6,NA,NA,NA
"16",3,3,23,207.084525197498,24196.7332000003,13,5.5,5.8,5.66666666666667,7,6,5,NA,NA,NA
"16",3,4,28,218.393298595314,24197.3912000017,14,3.25,3.6,3.44444444444444,7,6,7,NA,NA,NA
"16",3,5,24,210.238093426937,24197.4160000001,15,4.75,5,4.88888888888889,7,6,6,2,5,4
"16",4,1,27,202.032031974191,24196.7231999987,16,5,3.8,4.33333333333333,7,6,5,NA,NA,NA
"16",4,2,27,241.095622443959,24196.945200001,17,2.75,3.4,3.11111111111111,6,6,5,NA,NA,NA
"16",4,3,17,199.505780486342,24198.1455999992,18,5.25,4.8,5,7,6,5,NA,NA,NA
"16",4,4,23,202.778037028856,24196.8319999987,19,4.75,4.8,4.77777777777778,7,6,6,NA,NA,NA
"16",4,5,17,185.111254796348,24198.8548000005,20,6,5.4,5.66666666666667,7,6,5,3,5,4
"16",5,1,25,200.556968352026,24197.0831999992,21,4.5,4.4,4.44444444444444,7,6,4,NA,NA,NA
"16",5,2,22,189.010830274739,24197.6903999995,22,5.25,5.2,5.22222222222222,7,6,5,NA,NA,NA
"16",5,3,23,189.026788844629,24196.9048000001,23,5.5,5.8,5.66666666666667,7,6,5,NA,NA,NA
"16",5,4,26,194.012461606053,24198.1647999991,24,4,4.8,4.44444444444444,7,5,6,NA,NA,NA
"16",5,5,17,199.149735783329,24197.4483999996,25,4.5,4.4,4.44444444444444,7,6,6,3,5,4
"16",6,1,23,202.404637399471,24196.478799999,26,4.75,4.6,4.66666666666667,7,6,6,NA,NA,NA
"16",6,2,18,198.996752703723,24198.0183999992,27,4.25,4.8,4.55555555555556,7,6,5,NA,NA,NA
"16",6,3,21,196.16532563416,24197.1379999999,28,5.25,5.6,5.44444444444444,7,6,6,NA,NA,NA
"16",6,4,19,178.278167655964,24197.3964000003,29,5.5,5.8,5.66666666666667,7,6,4,NA,NA,NA
"16",6,5,21,184.127523974989,24197.0063999995,30,5.5,5.2,5.33333333333333,7,6,6,3,5,4
"16",7,1,32,214.374778346694,24197.1332000011,31,2.25,2.6,2.44444444444444,5,4,5,NA,NA,NA
"16",7,2,21,195.080371068298,24196.9191999994,32,2.25,3.2,2.77777777777778,7,6,6,NA,NA,NA
"16",7,3,24,185.990674043042,24198.5936000005,33,4.5,4,4.22222222222222,7,6,5,NA,NA,NA
"16",7,4,18,183.193158071691,24197.4668000004,34,5.25,4.8,5,7,6,6,NA,NA,NA
"16",7,5,17,184.906581222817,24197.0104000002,35,4.75,4.8,4.77777777777778,7,6,6,3,5,4
"16",8,1,21,195.385220049883,24198.4383999993,36,3,3.8,3.44444444444444,7,5,6,NA,NA,NA
"16",8,2,18,182.720106934662,24198.3747999999,37,4.5,4.8,4.66666666666667,7,5,6,NA,NA,NA
"16",8,3,14,176.6154401851,24198.7431999998,38,5,5.4,5.22222222222222,7,5,5,NA,NA,NA
"16",8,4,20,198.097968095144,24198.7892000006,39,3.5,3.8,3.66666666666667,7,5,6,NA,NA,NA
"16",8,5,20,183.025290803278,24197.4628000006,40,4.75,5,4.88888888888889,7,6,6,4,5,4
"17",1,1,38,277.598520906405,24197.6228000022,1,5,6,5.55555555555556,6,7,4,NA,NA,NA
"17",1,2,27,220.037475929925,24197.9232000023,2,5.25,7,6.22222222222222,7,7,4,NA,NA,NA
"17",1,3,37,238.941911211474,24196.5391999993,3,5,6.6,5.88888888888889,7,7,4,NA,NA,NA
"17",1,4,20,219.698381788809,24197.8996000017,4,6,7,6.55555555555556,7,7,4,NA,NA,NA
"17",1,5,26,205.319845639446,24198.3571999997,5,6,7,6.55555555555556,7,7,4,3,3,4
"17",2,1,28,207.99966866314,24197.2864000006,6,5.25,5.4,5.33333333333333,7,7,3,NA,NA,NA
"17",2,2,21,204.981744046055,24197.2655999988,7,5.75,6.2,6,7,7,3,NA,NA,NA
"17",2,3,17,198.42029458992,24197.8764000003,8,6.25,6.4,6.33333333333333,7,7,3,NA,NA,NA
"17",2,4,26,205.185199019106,24197.2091999991,9,5,6.2,5.66666666666667,7,7,3,NA,NA,NA
"17",2,5,21,224.988228642426,24198.1840000019,10,4.75,5.8,5.33333333333333,7,7,3,5,3,4
"17",3,1,22,204.760734823206,24197.4907999999,11,5,6.2,5.66666666666667,7,7,3,NA,NA,NA
"17",3,2,26,188.349597640701,24197.0831999994,12,5,6.2,5.66666666666667,7,7,4,NA,NA,NA
"17",3,3,20,186.077670485216,24198.4756,13,5.25,6.2,5.77777777777778,7,7,4,NA,NA,NA
"17",3,4,22,194.758470561674,24196.4916000001,14,4.5,6.2,5.44444444444444,7,7,4,NA,NA,NA
"17",3,5,26,206.728477812577,24197.3847999999,15,4.25,5.4,4.88888888888889,7,7,3,4,3,5
"17",4,1,23,200.799320892207,24198.0739999991,16,4.25,5.6,5,7,7,3,NA,NA,NA
"17",4,2,23,188.586962320172,24197.5652000003,17,4.5,5.8,5.22222222222222,7,7,3,NA,NA,NA
"17",4,3,23,176.311770551581,24198.4924,18,6.25,6.6,6.44444444444444,7,7,4,NA,NA,NA
"17",4,4,21,186.128538228644,24198.0460000006,19,5,7,6.11111111111111,7,7,3,NA,NA,NA
"17",4,5,21,199.980510332903,24197.7679999999,20,3.5,6,4.88888888888889,7,7,5,4,4,4
"17",5,1,18,195.724885031493,24197.8751999999,21,4,5.8,5,7,7,2,NA,NA,NA
"17",5,2,20,198.878459843796,24196.9475999993,22,4.25,5.8,5.11111111111111,7,7,3,NA,NA,NA
"17",5,3,21,182.093321854768,24198.3564000004,23,4.5,6.4,5.55555555555556,7,7,3,NA,NA,NA
"17",5,4,24,180.075710985923,24197.3080000004,24,5.5,7,6.33333333333333,7,7,3,NA,NA,NA
"17",5,5,15,189.926384315424,24197.0700000005,25,4.5,6.8,5.77777777777778,7,7,3,5,4,5
"17",6,1,21,176.56487880352,24196.9192000003,26,5.25,5.6,5.44444444444444,7,7,3,NA,NA,NA
"17",6,2,22,190.773885467564,24198.2695999999,27,5.5,5.4,5.44444444444444,7,7,5,NA,NA,NA
"17",6,3,20,178.243392092234,24196.7992000003,28,5.25,6,5.66666666666667,7,7,4,NA,NA,NA
"17",6,4,31,183.856379628937,24197.5195999996,29,4.25,5.2,4.77777777777778,7,7,5,NA,NA,NA
"17",6,5,19,187.976377785737,24197.5100000004,30,4,4.6,4.33333333333333,7,7,5,6,4,5
"17",7,1,23,195.911145580356,24198.1471999988,31,3.25,4.6,4,7,7,5,NA,NA,NA
"17",7,2,25,185.449122200488,24197.0196000005,32,4,5.2,4.66666666666667,7,7,5,NA,NA,NA
"17",7,3,13,194.401185840617,24197.5644000007,33,3,3.8,3.44444444444444,7,7,5,NA,NA,NA
"17",7,4,22,178.312204396227,24197.9636,34,4.25,5.2,4.77777777777778,7,7,5,NA,NA,NA
"17",7,5,16,178.396980858273,24199.2123999992,35,4.75,5.2,5,7,7,5,6,3,6
"17",8,1,23,187.17954159903,24196.5888000002,36,3.5,4.8,4.22222222222222,7,7,5,NA,NA,NA
"17",8,2,20,206.626544716379,24197.0271999997,37,3,3.6,3.33333333333333,7,6,6,NA,NA,NA
"17",8,3,13,180.482445224527,24198.9748000006,38,5.25,5.8,5.55555555555556,7,7,4,NA,NA,NA
"17",8,4,17,176.836195820032,24197.9444000007,39,5.5,6.6,6.11111111111111,7,7,4,NA,NA,NA
"17",8,5,19,181.44886460329,24198.7539999996,40,4.5,5.8,5.22222222222222,7,7,6,5,3,5
"18",1,1,29,279.565529425131,24196.7476000031,1,6,5,5.44444444444444,4,2,1,NA,NA,NA
"18",1,2,29,241.80748358796,24197.8319999996,2,5,5.8,5.44444444444444,4,2,1,NA,NA,NA
"18",1,3,26,222.038339052293,24198.2176000013,3,5.5,6,5.77777777777778,4,3,1,NA,NA,NA
"18",1,4,28,239.976381437121,24197.5332000001,4,5.75,5.8,5.77777777777778,3,3,1,NA,NA,NA
"18",1,5,24,221.987475990854,24196.4392000013,5,5.75,4.8,5.22222222222222,4,2,1,2,5,4
"18",2,1,23,215.188654956331,24196.529600002,6,5.75,4.6,5.11111111111111,3,2,1,NA,NA,NA
"18",2,2,25,229.58316855871,24197.0348000007,7,5.25,4.8,5,3,2,1,NA,NA,NA
"18",2,3,23,223.784674472798,24197.3924000004,8,5,5,5,4,2,1,NA,NA,NA
"18",2,4,28,221.631428221736,24196.6168000009,9,4.5,4.8,4.66666666666667,3,2,1,NA,NA,NA
"18",2,5,21,223.037667356973,24196.5240000016,10,4.5,4.8,4.66666666666667,3,2,1,3,3,4
"18",3,1,19,196.097697413815,24198.4527999994,11,4.75,4.2,4.44444444444444,4,2,1,NA,NA,NA
"18",3,2,18,203.523837503858,24197.0223999993,12,4.5,4.8,4.66666666666667,4,2,1,NA,NA,NA
"18",3,3,21,192.282896369725,24197.2491999991,13,4.75,4.6,4.66666666666667,4,2,1,NA,NA,NA
"18",3,4,28,203.320387208581,24197.1867999997,14,4,4.2,4.11111111111111,4,2,2,NA,NA,NA
"18",3,5,19,204.388530028316,24198.0075999992,15,4.5,4.6,4.55555555555556,5,2,2,5,4,4
"18",4,1,14,191.028117316195,24198.6896000004,16,5,4.6,4.77777777777778,4,3,1,NA,NA,NA
"18",4,2,18,182.43209189663,24196.5368000005,17,4.5,4,4.22222222222222,4,2,1,NA,NA,NA
"18",4,3,22,183.685747513449,24198.7792,18,4.5,4.6,4.55555555555556,4,2,1,NA,NA,NA
"18",4,4,22,207.643676742902,24196.5267999988,19,3.25,4,3.66666666666667,4,2,1,NA,NA,NA
"18",4,5,17,179.549809402021,24197.6028000009,20,4.75,5,4.88888888888889,4,3,1,4,4,4
"18",5,1,27,189.637876185767,24197.3932000001,21,3.5,4.2,3.88888888888889,4,3,1,NA,NA,NA
"18",5,2,26,180.075445366694,24197.5372000001,22,4,4.8,4.44444444444444,4,2,2,NA,NA,NA
"18",5,3,15,176.294557637038,24196.8828000001,23,4.5,4.8,4.66666666666667,4,2,1,NA,NA,NA
"18",5,4,13,182.415191375778,24196.8556,24,5,4.8,4.88888888888889,4,2,1,NA,NA,NA
"18",5,5,15,185.314439808814,24197.6248000001,25,4.75,4.8,4.77777777777778,4,2,1,4,3,5
"18",6,1,17,189.332691383092,24197.2707999995,26,4.75,4.8,4.77777777777778,5,3,1,NA,NA,NA
"18",6,2,21,175.480732959427,24196.6307999994,27,4.25,5,4.66666666666667,5,3,2,NA,NA,NA
"18",6,3,13,174.208137432453,24198.7655999986,28,5,5,5,5,3,1,NA,NA,NA
"18",6,4,10,172.310214591312,24196.5139999994,29,5,4.8,4.88888888888889,4,2,1,NA,NA,NA
"18",6,5,17,185.110974740367,24198.9772000007,30,4.5,4.6,4.55555555555556,3,2,1,3,4,4
"18",7,1,20,199.166394575338,24198.205999999,31,4.25,4.8,4.55555555555556,4,3,1,NA,NA,NA
"18",7,2,18,198.437342681962,24198.0363999996,32,4.25,4.6,4.44444444444444,4,3,2,NA,NA,NA
"18",7,3,17,180.057495872306,24197.0040000005,33,4.25,4.6,4.44444444444444,4,3,2,NA,NA,NA
"18",7,4,16,193.045762543264,24199.0300000003,34,3.75,4.8,4.33333333333333,4,3,2,NA,NA,NA
"18",7,5,22,193.605266673883,24197.2287999991,35,3.75,4.6,4.22222222222222,4,3,2,5,3,5
"18",8,1,22,198.674711402772,24197.9339999993,36,4.25,4.6,4.44444444444444,4,3,2,NA,NA,NA
"18",8,2,18,183.364651142832,24198.0911999996,37,4.25,4.8,4.55555555555556,4,3,1,NA,NA,NA
"18",8,3,16,195.265831765639,24197.9531999999,38,4.25,4.8,4.55555555555556,4,3,1,NA,NA,NA
"18",8,4,17,193.757859684745,24197.17,39,4.25,5,4.66666666666667,4,3,1,NA,NA,NA
"18",8,5,19,182.601691208524,24198.4523999998,40,4.25,5,4.66666666666667,4,3,2,4,4,5
